{
  "Get All Portfolios" : {
    "transaction" : "Get All Portfolios",
    "sampleCount" : 1000,
    "errorCount" : 0,
    "errorPct" : 0.0,
    "meanResTime" : 76.45600000000013,
    "medianResTime" : 62.0,
    "minResTime" : 3.0,
    "maxResTime" : 538.0,
    "pct1ResTime" : 155.89999999999998,
    "pct2ResTime" : 202.8499999999998,
    "pct3ResTime" : 304.97,
    "throughput" : 82.66512358435976,
    "receivedKBytesPerSec" : 96.06591510291808,
    "sentKBytesPerSec" : 10.494595767545674
  },
  "Get Current Portfolio" : {
    "transaction" : "Get Current Portfolio",
    "sampleCount" : 1000,
    "errorCount" : 1000,
    "errorPct" : 100.0,
    "meanResTime" : 113.60400000000001,
    "medianResTime" : 95.0,
    "minResTime" : 4.0,
    "maxResTime" : 640.0,
    "pct1ResTime" : 226.89999999999998,
    "pct2ResTime" : 287.7999999999997,
    "pct3ResTime" : 448.7500000000002,
    "throughput" : 83.16699933466401,
    "receivedKBytesPerSec" : 80.56803060545576,
    "sentKBytesPerSec" : 11.20805264471058
  },
  "Health Check API" : {
    "transaction" : "Health Check API",
    "sampleCount" : 5000,
    "errorCount" : 0,
    "errorPct" : 0.0,
    "meanResTime" : 17.435600000000086,
    "medianResTime" : 9.0,
    "minResTime" : 0.0,
    "maxResTime" : 258.0,
    "pct1ResTime" : 43.0,
    "pct2ResTime" : 65.0,
    "pct3ResTime" : 109.0,
    "throughput" : 457.91739170253686,
    "receivedKBytesPerSec" : 449.86806255151566,
    "sentKBytesPerSec" : 56.792489009982596
  },
  "Get Stock Quote" : {
    "transaction" : "Get Stock Quote",
    "sampleCount" : 300,
    "errorCount" : 0,
    "errorPct" : 0.0,
    "meanResTime" : 62.21333333333335,
    "medianResTime" : 28.0,
    "minResTime" : 2.0,
    "maxResTime" : 2551.0,
    "pct1ResTime" : 75.90000000000003,
    "pct2ResTime" : 101.79999999999995,
    "pct3ResTime" : 1359.5800000000004,
    "throughput" : 73.04601899196493,
    "receivedKBytesPerSec" : 84.24545745069393,
    "sentKBytesPerSec" : 9.844092403214024
  },
  "Total" : {
    "transaction" : "Total",
    "sampleCount" : 7300,
    "errorCount" : 1000,
    "errorPct" : 13.69863,
    "meanResTime" : 40.53452054794529,
    "medianResTime" : 16.0,
    "minResTime" : 0.0,
    "maxResTime" : 2551.0,
    "pct1ResTime" : 108.0,
    "pct2ResTime" : 155.0,
    "pct3ResTime" : 281.97999999999956,
    "throughput" : 603.2559292620444,
    "receivedKBytesPerSec" : 610.607788096025,
    "sentKBytesPerSec" : 76.21400090901578
  }
}